<?xml version="1.0" encoding="utf-8" standalone="yes"?>
<rss version="2.0" xmlns:atom="http://www.w3.org/2005/Atom">
  <channel>
    <title>Introduction on BulmaBadge</title>
    <link>https://demo.creativebulma.net/components/badge/1.0/</link>
    <description>Recent content in Introduction on BulmaBadge</description>
    <generator>Hugo -- gohugo.io</generator>
    <language>en-us</language>
    <lastBuildDate>Sat, 21 Mar 2020 00:00:00 +0000</lastBuildDate>
    
	<atom:link href="https://demo.creativebulma.net/components/badge/1.0/index.xml" rel="self" type="application/rss+xml" />
    
    
    <item>
      <title>(2020-04-11)</title>
      <link>https://demo.creativebulma.net/components/badge/1.0/release/1/</link>
      <pubDate>Sat, 11 Apr 2020 10:46:47 +0200</pubDate>
      
      <guid>https://demo.creativebulma.net/components/badge/1.0/release/1/</guid>
      <description>First working version
  added Styles : classic &amp;amp; outlined  added Multi-colors  added Position modifiers  </description>
    </item>
    
    <item>
      <title>Customize</title>
      <link>https://demo.creativebulma.net/components/badge/1.0/how-to/customize/</link>
      <pubDate>Sat, 21 Mar 2020 00:00:00 +0000</pubDate>
      
      <guid>https://demo.creativebulma.net/components/badge/1.0/how-to/customize/</guid>
      <description>How-To Customize This component has been designed to be easily customizable.
There is 2 ways to customize it, depending on the way you integrate this component into your project.
Sass If you use the Sass source into your project, all you have to do is to customize variables before importing the component.
$badge-height: 16px @import &amp;#39;@creativebulma/bulma-badge&amp;#39; Variables   Variable name Description Default value     $badge-font-size  .</description>
    </item>
    
    <item>
      <title>Get Started</title>
      <link>https://demo.creativebulma.net/components/badge/1.0/get-started/</link>
      <pubDate>Sat, 21 Mar 2020 00:00:00 +0000</pubDate>
      
      <guid>https://demo.creativebulma.net/components/badge/1.0/get-started/</guid>
      <description>Get started You only need 1 CSS file to use BulmaBadge
Installation First, let&amp;rsquo;s install the component! There are several ways to get started with BulmaBadge.
 1. NPM  2. CDN  3. Github    Use npm to install the bulma-badge package recommended
npm install @creativebulma/bulma-badge   Use the jsDelivr CDN to link to the BulmaBadge stylesheet
https://www.jsdelivr.com/package/npm/@creativebulma/bulma-badge   Use the GitHub repository to get the latest development version.</description>
    </item>
    
    <item>
      <title>Changelog</title>
      <link>https://demo.creativebulma.net/components/badge/1.0/changelog/</link>
      <pubDate>Sat, 21 Mar 2020 00:00:00 +0000</pubDate>
      
      <guid>https://demo.creativebulma.net/components/badge/1.0/changelog/</guid>
      <description>Changelog  v1.0.0 (2020-04-11)    First working version
  added Styles : classic &amp;amp; outlined  added Multi-colors  added Position modifiers     </description>
    </item>
    
  </channel>
</rss>