<?xml version="1.0" encoding="utf-8" standalone="yes"?>
<rss version="2.0" xmlns:atom="http://www.w3.org/2005/Atom">
  <channel>
    <title>Releases on BulmaBadge</title>
    <link>https://demo.creativebulma.net/components/badge/1.0/release/</link>
    <description>Recent content in Releases on BulmaBadge</description>
    <generator>Hugo -- gohugo.io</generator>
    <language>en-us</language>
    <lastBuildDate>Sat, 11 Apr 2020 10:46:47 +0200</lastBuildDate>
    
	<atom:link href="https://demo.creativebulma.net/components/badge/1.0/release/index.xml" rel="self" type="application/rss+xml" />
    
    
    <item>
      <title>(2020-04-11)</title>
      <link>https://demo.creativebulma.net/components/badge/1.0/release/1/</link>
      <pubDate>Sat, 11 Apr 2020 10:46:47 +0200</pubDate>
      
      <guid>https://demo.creativebulma.net/components/badge/1.0/release/1/</guid>
      <description>First working version
  added Styles : classic &amp;amp; outlined  added Multi-colors  added Position modifiers  </description>
    </item>
    
  </channel>
</rss>